1	12356	1508423457	Customer Login	AppBundle\\Model\\CustomerManagementFramework\\Activity\\LoginActivity	\N		0402000C00000003000400B30064617465637573746F6D65722D313530383432333435372D3132333536	bfc89ef07e0be5674ae00460b62c8bfe	1508423457	1508423457
2	12356	1508424050	Customer Order	AppBundle\\Model\\CustomerManagementFramework\\Activity\\OrderActivity	\N		040400260000000300070063001100C3001B0043016F726465724964637573746F6D65724964746F74616C50726963656F726465724E756D6265722D31323430332D31323335362D39352E383530302D6F72645F35396538623936376561373133	73b50eafdaad7b0f7ac72ef695fb6e97	1508424050	1508424050
3	12356	1508424086	Customer Order	AppBundle\\Model\\CustomerManagementFramework\\Activity\\OrderActivity	\N		040400260000000300070063001100C3001B0043016F726465724964637573746F6D65724964746F74616C50726963656F726465724E756D6265722D31323430332D31323335362D39352E383530302D6F72645F35396538623936376561373133	213cb2949a021c9c927cbe34894c3482	1508424086	1508424086
4	12356	1508424117	Customer Order	AppBundle\\Model\\CustomerManagementFramework\\Activity\\OrderActivity	\N		040400260000000300070063001100C3001B0043016F726465724964637573746F6D65724964746F74616C50726963656F726465724E756D6265722D31323430352D31323335362D34312E383535302D6F72645F35396538623961623262363036	f6d5ed78a3436d8c4ee69c364c30ed5b	1508424117	1508424117
5	12356	1508424190	Customer Order	AppBundle\\Model\\CustomerManagementFramework\\Activity\\OrderActivity	\N		040400260000000300070063001100C3001B0043016F726465724964637573746F6D65724964746F74616C50726963656F726465724E756D6265722D31323430372D31323335362D38352E383530302D6F72645F35396538623966343635633434	f9b5346be9dc590be82d9b9e5d1d4810	1508424190	1508424190
6	12356	1508424225	Customer Order	AppBundle\\Model\\CustomerManagementFramework\\Activity\\OrderActivity	\N		040400260000000300070063001100C3001B0043016F726465724964637573746F6D65724964746F74616C50726963656F726465724E756D6265722D31323430392D31323335362D35312E373430302D6F72645F35396538626131373932646237	7ee8d6e1697da8a2094e393ee8451741	1508424225	1508424225
7	12356	1508424351	Customer Order	AppBundle\\Model\\CustomerManagementFramework\\Activity\\OrderActivity	\N		040400260000000300070063001100C3001B0043016F726465724964637573746F6D65724964746F74616C50726963656F726465724E756D6265722D31323430392D31323335362D35312E373430302D6F72645F35396538626131373932646237	bd7f024483929541d3e77b6060cfa715	1508424351	1508424351
8	12356	1508424476	Customer Order	AppBundle\\Model\\CustomerManagementFramework\\Activity\\OrderActivity	\N		040400260000000300070063001100C3001B0043016F726465724964637573746F6D65724964746F74616C50726963656F726465724E756D6265722D31323430392D31323335362D35312E373430302D6F72645F35396538626131373932646237	a54bca4820ff715ec52dd89970c99c36	1508424476	1508424476
9	12395	1508424545	Customer Login	AppBundle\\Model\\CustomerManagementFramework\\Activity\\LoginActivity	\N		0402000C00000003000400B30064617465637573746F6D65722D313530383432343534352D3132333935	79b401dd2e09a028d3a58bdedc6810e6	1508424545	1508424545
10	12395	1508424577	Customer Order	AppBundle\\Model\\CustomerManagementFramework\\Activity\\OrderActivity	\N		040400260000000300070063001100C3001B0043016F726465724964637573746F6D65724964746F74616C50726963656F726465724E756D6265722D31323431312D31323339352D34302E373030302D6F72645F35396538626237383033666166	391f29dd613b47721ffc2ec91668ab9f	1508424577	1508424577
11	12372	1508424607	Customer Login	AppBundle\\Model\\CustomerManagementFramework\\Activity\\LoginActivity	\N		0402000C00000003000400B30064617465637573746F6D65722D313530383432343630372D3132333732	099ebdaf61802c7cd83c0daa7a4a3741	1508424607	1508424607
12	12372	1508424637	Customer Order	AppBundle\\Model\\CustomerManagementFramework\\Activity\\OrderActivity	\N		040400260000000300070063001100C3001B0043016F726465724964637573746F6D65724964746F74616C50726963656F726465724E756D6265722D31323431332D31323337322D38342E343630302D6F72645F35396538626262346165376235	040474d5f91af8a64f1ee7a39f20d9fd	1508424637	1508424637
13	12372	1508424666	Customer Order	AppBundle\\Model\\CustomerManagementFramework\\Activity\\OrderActivity	\N		040400260000000300070063001100C3001B0043016F726465724964637573746F6D65724964746F74616C50726963656F726465724E756D6265722D31323431352D31323337322D36392E363230302D6F72645F35396538626264316464313163	59cbbf6df0c4c0ddaa417823f4018b89	1508424666	1508424666
